tag,user
1,101
2,102
2,104
2,106
2,105
3,103
3,115
5,107
5,108
5,109
5,1.16244E+20
6,111
6,112
6,113
6,114
7,1.16244E+20
7,112
7,114
15,1.16244E+20
16,1.16244E+20
4,1.16244E+20
4,111
4,112
4,113
4,114
5,101
11,102
12,104
13,106
14,105
14,103
15,115
12,107
13,108
11,109